"DESCRIPTION","DURATION IN MS","NAME","PARENT SUITE","START TIME","STATUS","STOP TIME","SUB SUITE","SUITE","TEST CLASS","TEST METHOD"
"","64144","should select the ""Automated Persona Definition"" persona","BTP - (Integrity Configuration) - CML Templates App - Functional Test","2026-08-20","broken","2026-08-20","","","",""
"","75093","should add functional failure for assigned functions","037_Perform consequence evaluation & 038_Assign Unmitigated SHE and Financial Risk","2026-08-20","broken","2026-08-20","","","",""
"","154","should be able to download and verify summary report","037_Perform consequence evaluation & 038_Assign Unmitigated SHE and Financial Risk","2026-08-20","failed","2026-08-20","","","",""
"","7132","should navigate to asset intelligence tab (set 1)","BTP - Functional Location - Regression Test","2026-08-19","passed","2026-08-19","","","",""
"","73378","should click on asset risk and criticality template application","BTP - (RCT) -Asset Risk and Criticality Template App - Functional test","2026-08-19","passed","2026-08-19","","","",""
"","112160","should search and navigate to detail view of equipment","BTP - Equipment - Regression Test","2026-08-19","broken","2026-08-19","","","",""
"","14232","should navigate to Technical Objects tab","BTP RCA Application Functional test","2026-08-20","broken","2026-08-20","","","",""
"","149148","should create a new recommendation from list page","BTP - Maintenance Spend Planning - Regression Test","2026-08-20","failed","2026-08-20","","","",""
"","32191","should click on first inspection template in list and verify details page","BTP Inspection Templates Application - Functional test","2026-08-19","broken","2026-08-19","","","",""
"","79836","should be able to download and verify ASD report","BTP - Asset Strategy Development (ASD)- Multiple Functional Locations - Functional Test","2026-08-19","broken","2026-08-19","","","",""
"","86145","should create a new functional location","BTP - Functional Location - Functional Test","2026-08-19","broken","2026-08-19","","","",""
"","26901","should edit risk data of the recommendation workbench","BTP - Recommendation Workbench (Functional Location) - Functional Test","2026-08-20","passed","2026-08-20","","","",""
"","66170","should verify recommendation details","BTP - Equipment - Regression Test","2026-08-19","broken","2026-08-19","","","",""
"","15137","should add Maintainable Items via the equipment row on Functional Failure detail page","031-1_Create RCM Assessment in ASINT AIS (Baseline Assessment) and 039_Assign Mitigated SHE and Financial Risk with associated mitigating strategy","2026-08-20","passed","2026-08-20","","","",""
"","34117","should expand the Failure Mechanism section, tick ""Loose Hub"", click Remove and confirm","BTP - (Fleet) - Asset Strategy Analysis for Classes App - Flow 3 (Create & Delete without Baseline)","2026-08-19","broken","2026-08-19","","","",""
"","52354","should open Asset Strategy Assessments, search ""pala"", clone an assessment, verify its title and delete it","BTP - Asset Cloning Suite Application - Functional Test","2026-08-20","passed","2026-08-20","","","",""
"","18195","verify created CMLs in CML Summary","BTP - CMLs (Equipment) - Functional Test","2026-08-20","passed","2026-08-20","","","",""
"","0","should attempt to download the document if download is available","","2026-08-19","skipped","2026-08-19","","","",""
"","2784","should expand equipment row and verify the Maintainable Item is nested under it","BTP - RCM Analysis Application - Create Baseline Assessment via Create System","2026-08-19","passed","2026-08-19","","","",""
"","15892","should verify task deletion","BTP Task Management - Functional Test","2026-08-19","broken","2026-08-19","","","",""
"","20139","should download the data file and verify it matches the uploaded file","BTP - Configuration (Picklist Publish) - Functional Test","2026-08-19","broken","2026-08-19","","","",""
"","75199","should add maintainable items for functional location technical objects","BTP - RCM Analysis Application - Functional Test","2026-08-19","broken","2026-08-19","","","",""
"","18334","should navigate to Maintenance Spend Planning list view","BTP - Maintenance Spend Planning - Bulk Update Regression","2026-08-20","passed","2026-08-20","","","",""
"","11845","should verify edit header information and update it","BTP - Documents Application - Functional test","2026-08-19","passed","2026-08-20","","","",""
"","60141","should verify created System name is reflected in hierarchy","BTP - RCM Analysis Application - Create Assessment via Create System","2026-08-19","failed","2026-08-19","","","",""
"","83226","should verify Risk Summary Tab of equipment","BTP - Equipment Application - Functional test","2026-08-19","broken","2026-08-19","","","",""
"","149686","should navigate into the Matrices section","BTP Configuration (Matrices) - Functional Test","2026-08-19","broken","2026-08-19","","","",""
"","1","should capture the Recommendation Workbench id","BTP - Maintenance Spend Planning - Regression Test","2026-08-20","skipped","2026-08-20","","","",""
"","77093","should add failure modes for added maintainable items of functional location technical objects and add/edit Consequence Evaluation from analysis section and risk information","037_Perform consequence evaluation & 038_Assign Unmitigated SHE and Financial Risk","2026-08-20","broken","2026-08-20","","","",""
"","1","should edit risk data section","BTP - Maintenance Spend Planning item (MSP) - Functional Test","2026-08-20","skipped","2026-08-20","","","",""
"","0","should navigate back to the home page","BTP - Maintenance Spend Planning - Regression Test","2026-08-20","skipped","2026-08-20","","","",""
"","34100","should tick the created strategy, click ""Edit & Update"", change the description, save and confirm","BTP - (Fleet) - Asset Strategy Analysis for Classes App - Flow 3 (Create & Delete without Baseline)","2026-08-19","broken","2026-08-19","","","",""
"","69400","should click on asset cloning suite application","BTP - Asset Cloning Suite Application - Functional Test","2026-08-20","passed","2026-08-20","","","",""
"","24168","should verify the matrix row details on the listview after new revision","BTP Configuration (Matrices) - Functional Test","2026-08-19","broken","2026-08-19","","","",""
"","19432","should edit General Information tab of created assessment","BTP - (RNC)-Asset Risk and Criticality Analysis Application - Regression Test","2026-08-19","passed","2026-08-19","","","",""
"","28255","should search for a recommendation using Maintenance Order ID","BTP Maintenance Orders Application Functional test","2026-08-20","broken","2026-08-20","","","",""
"","75066","should navigate to Object List tab and verify equipment","BTP Maintenance Orders Application Functional test","2026-08-20","broken","2026-08-20","","","",""
"","12114","should be able to capture information from general section","BTP - Asset Strategy Development (ASD)- Multiple Functional Locations - Functional Test","2026-08-19","passed","2026-08-19","","","",""
"","4082","should be able to verify risk matrix section","BTP - Asset Strategy Development (ASD)- Multiple Functional Locations - Functional Test","2026-08-19","passed","2026-08-19","","","",""
"","14266","should edit Validity Information","008_Assess criticality of equipment selected ASINT AIS","2026-08-20","passed","2026-08-20","","","",""
"","60138","should verify created System name is reflected in hierarchy","034_RCM Assessment via assigning a RCM Template (Baseline)","2026-08-20","failed","2026-08-20","","","",""
"","8367","should navigate to Asset RCM list view","037_Perform consequence evaluation & 038_Assign Unmitigated SHE and Financial Risk","2026-08-20","passed","2026-08-20","","","",""
"","34490","should add a Sub-System under the created System with the same Technical Object","031-1_Create RCM Assessment in ASINT AIS (Baseline Assessment) and 039_Assign Mitigated SHE and Financial Risk with associated mitigating strategy","2026-08-20","passed","2026-08-20","","","",""
"","75162","should navigate back to home page","052 -> Select recommendation and flag for turnaround work scope","2026-08-20","broken","2026-08-20","","","",""
"","12467","should go to threshold section and verify risk matrix score and other details","BTP - (RCT) -Asset Risk and Criticality Template App - Functional test","2026-08-19","passed","2026-08-19","","","",""
"","75129","should use baseline assessment by choosing technical object and creating a new System","034_RCM Assessment via assigning a RCM Template (Baseline)","2026-08-20","broken","2026-08-20","","","",""
"","71223","should assign Assessment Template to the technical object","BTP - (RNC)-Asset Risk and Criticality Analysis Application - Regression Test","2026-08-19","broken","2026-08-19","","","",""
"","58241","should verify attachment section","BTP RCA Application Functional test","2026-08-20","broken","2026-08-20","","","",""
"","32795","Create new Asset RCM Assessment","BTP - RCM Analysis Application - Create Assessment via Create System","2026-08-19","passed","2026-08-19","","","",""
"","233686","should assign equipment to the assessment and verify","008_Assess criticality of equipment selected ASINT AIS","2026-08-20","passed","2026-08-20","","","",""
"","34099","should expand the Strategies section","BTP - (Fleet) - Asset Strategy Analysis for Classes App - Flow 3 (Create & Delete without Baseline)","2026-08-19","broken","2026-08-19","","","",""
"","124","should open Functional Failure detail page, verify header, and assign Equipment to it","BTP - RCM Analysis Application - Create Assessment via Create System","2026-08-19","failed","2026-08-19","","","",""
"","64148","should add two Personas to the CML Template","BTP - (Integrity Configuration) - CML Templates App - Functional Test","2026-08-20","broken","2026-08-20","","","",""
"","4547","should store the Assignments data","008_Assess criticality of equipment selected ASINT AIS","2026-08-20","passed","2026-08-20","","","",""
"","1","should create MSP item #3 and change status to 'Ready for Funding'","BTP - Maintenance Spend Planning - Bulk Update Regression","2026-08-20","skipped","2026-08-20","","","",""
"","30124","should add created CML, enter readings, calculate and save in CML tab","BTP - CMLs (Equipment) - Functional Test","2026-08-20","broken","2026-08-20","","","",""
"","65133","should edit general info of equipment","BTP - Equipment Application - Functional test","2026-08-19","broken","2026-08-19","","","",""
"","1","should search and verify the created MSP Item exists in the list","BTP - Maintenance Spend Planning - Regression Test","2026-08-20","skipped","2026-08-20","","","",""
"","27953","should open Functional Failure detail page, verify header, and assign Equipment to it","031-1_Create RCM Assessment in ASINT AIS (Baseline Assessment) and 039_Assign Mitigated SHE and Financial Risk with associated mitigating strategy","2026-08-20","passed","2026-08-20","","","",""
"","12463","should verify CML from header section of equipment","BTP - Equipment Application - Functional test","2026-08-19","broken","2026-08-19","","","",""
"","22248","should open the Summary Report and confirm the dialog","BTP - (Fleet) - Asset Strategy Analysis for Classes App - Flow 1 (Create, Edit, Operating Context & Summary Report Download) - Functional Test","2026-08-19","passed","2026-08-19","","","",""
"","597","should extract the exported Excel and verify all captured UI data is present","BTP - Asset RCM Analysis - Report Verification","2026-08-19","passed","2026-08-19","","","",""
"","123917","should add roles, assign the user, then unassign one role","BTP - (Fleet) - Asset Strategy Analysis for Classes App - Flow 1 (Create, Edit, Operating Context & Summary Report Download) - Functional Test","2026-08-19","broken","2026-08-19","","","",""
"","8992","should click on asset risk and criticality analysis application","008_Assess criticality of equipment selected ASINT AIS","2026-08-20","passed","2026-08-20","","","",""
"","30841","Create new Asset RCM Assessment","BTP - RCM Analysis Application - Functional Test","2026-08-19","passed","2026-08-19","","","",""
"","8611","should click on one document and verify details page","BTP - Documents Application - Functional test","2026-08-19","passed","2026-08-19","","","",""
"","20220","should update RCA General Information","BTP RCA Application Functional test","2026-08-20","broken","2026-08-20","","","",""
"","838372","should add and verify all the adapt filters","BTP - Equipment Application - Adapt Filter Functional test","2026-08-19","failed","2026-08-19","","","",""
"","9572","should verify created System name is reflected in hierarchy","BTP - RCM Analysis Application - Create Baseline Assessment via Create System","2026-08-19","passed","2026-08-19","","","",""
"","8346","should navigate to Asset RCM list view","BTP - Asset Strategy Development (ASD) (ListView) - Functional Test","2026-08-19","passed","2026-08-19","","","",""
"","54826","should verify and edit information tab","034_RCM Assessment via assigning a RCM Template (Baseline)","2026-08-20","passed","2026-08-20","","","",""
"","0","should verify change history of the recommendation workbench","BTP - Recommendation Workbench (Equipment) - Functional Test","2026-08-20","skipped","2026-08-20","","","",""
"","24137","should verify the matrix details before publishing","BTP Configuration (Matrices) - Functional Test","2026-08-19","broken","2026-08-19","","","",""
"","66197","should verify findings details","BTP - Equipment - Regression Test","2026-08-19","broken","2026-08-19","","","",""
"","1","should navigate to Maintenance Spend Planning list view","BTP - Maintenance Spend Planning - Regression Test","2026-08-20","skipped","2026-08-20","","","",""
"","49272","should search and navigate to detail view of functional location (set 1)","BTP - Functional Location - Regression Test","2026-08-19","passed","2026-08-19","","","",""
"","34131","should expand the Inspection Ports row to reveal the assigned failure mode","BTP - (Fleet) - Asset Strategy Analysis for Classes App - Flow 3 (Create & Delete without Baseline)","2026-08-19","broken","2026-08-19","","","",""
"","18056","verify created CMLs in CML Summary","BTP - CMLs (Functional Location) - Functional Test","2026-08-20","passed","2026-08-20","","","",""
"","8020","should enter Technical Object 10000102 and click Go","BTP - Asset RCM Analysis - Report Verification","2026-08-19","passed","2026-08-19","","","",""
"","79126","should create a New Revision of the published Picklist","BTP - Configuration (Picklist Publish) - Functional Test","2026-08-19","broken","2026-08-19","","","",""
"","73554","should open the Notifications application and display the list","BTP Notifications Application","2026-08-20","passed","2026-08-20","","","",""
"","114114","should verify recommendation details (set 1)","BTP - Functional Location - Regression Test","2026-08-19","broken","2026-08-19","","","",""
"","45347","should select SHE and FIN impact values on first block and save","008_Assess criticality of equipment selected ASINT AIS","2026-08-20","failed","2026-08-20","","","",""
"","2","should open Failure Mode detail, verify header + Code IDs, verify Analysis Details / Risk Info / Risk Matrix, close panels","BTP - RCM Analysis Application - Create Assessment via Create System","2026-08-19","passed","2026-08-19","","","",""
"","1233","should capture the assessment name and ID","008_Assess criticality of equipment selected ASINT AIS","2026-08-20","passed","2026-08-20","","","",""
"","14272","should navigate to the Configuration Management App","BTP - Configuration (Picklist Publish) - Functional Test","2026-08-19","passed","2026-08-19","","","",""
"","114","should verify assigned Function is visible under Sub-System and open its detail page","BTP - RCM Analysis Application - Create Assessment via Create System","2026-08-19","failed","2026-08-19","","","",""
"","75131","should verify maintenance and service","BTP - Equipment Application - Functional test","2026-08-19","broken","2026-08-19","","","",""
"","75410","should create a new assessment with all mandatory fields","BTP - (Fleet) - Asset Strategy Analysis for Classes App - Flow 2 (Create & Delete)","2026-08-19","passed","2026-08-19","","","",""
"","25604","should edit the assessment description and save","BTP - (Fleet) - Asset Strategy Analysis for Classes App - Flow 1 (Create, Edit, Operating Context & Summary Report Download) - Functional Test","2026-08-19","passed","2026-08-19","","","",""
"","18449","should navigate to Recommendation Workbench view","BTP Maintenance Orders Application Functional test","2026-08-20","passed","2026-08-20","","","",""
"","34576","should add a Sub-System under the created System with the same Technical Object","BTP - RCM Analysis Application - Create Baseline Assessment via Create System","2026-08-19","passed","2026-08-19","","","",""
"","0","should navigate back to the Recommendation Workbench list page","BTP - Maintenance Spend Planning - Regression Test","2026-08-20","skipped","2026-08-20","","","",""
"","8357","should navigate to Asset RCM list view","034_RCM Assessment via assigning a RCM Template (Baseline)","2026-08-20","passed","2026-08-20","","","",""
"","1","should capture the Recommendation Workbench id","BTP - Recommendation Workbench (Equipment) - Functional Test","2026-08-20","skipped","2026-08-20","","","",""
"","81323","should go to impacts section and create new impact","BTP - (RCT) -Asset Risk and Criticality Template App - Functional test","2026-08-19","passed","2026-08-19","","","",""
"","114326","should edit and verify details in pressure Tmin section in CML detailed section","BTP - CMLs (Functional Location) - Functional Test","2026-08-20","broken","2026-08-20","","","",""
"","1","should verify change history section","BTP - Maintenance Spend Planning item (MSP) - Functional Test","2026-08-20","skipped","2026-08-20","","","",""
"","49348","should add and verify all the adapt filters","BTP - Asset Strategy Development (ASD) (ListView) - Functional Test","2026-08-19","passed","2026-08-19","","","",""
"","30124","should edit general info and roles in detail page","BTP - CMLs (Functional Location) - Functional Test","2026-08-20","broken","2026-08-20","","","",""
"","1","should verify assignment block of the recommendation workbench","BTP - Recommendation Workbench (Equipment) - Functional Test","2026-08-20","skipped","2026-08-20","","","",""
"","79184","should add an API Mapping (designPressure / EQUIPMENT_ID) and confirm OK","BTP - (Integrity Configuration) - CML Templates App - Functional Test","2026-08-20","broken","2026-08-20","","","",""
"","1","should verify Bulk Update values applied to every MSP item","BTP - Maintenance Spend Planning - Bulk Update Regression","2026-08-20","skipped","2026-08-20","","","",""
"","171","should create workflow for the assessment without technical objects and functional location technical objects","044_Submit Assessment for Approval","2026-08-20","failed","2026-08-20","","","",""
"","14087","should edit Validity Information","BTP - (RNC)-Asset Risk and Criticality Analysis Application - Functional Test","2026-08-19","passed","2026-08-19","","","",""
"","1","should search and select the created recommendation in the list","BTP - Maintenance Spend Planning - Regression Test","2026-08-20","skipped","2026-08-20","","","",""
"","1","should select all 6 MSP rows and click 'Bulk Update'","BTP - Maintenance Spend Planning - Bulk Update Regression","2026-08-20","skipped","2026-08-20","","","",""
"","33268","should be able to create Maintenance Spend Planning items","BTP - Maintenance Spend Planning item (MSP) - Functional Test","2026-08-20","broken","2026-08-20","","","",""
"","175133","should create assessment by choosing technical object and creating a new System","BTP - RCM Analysis Application - Create Baseline Assessment via Create System","2026-08-19","passed","2026-08-19","","","",""
"","34177","should assign Technical Object and Assessment Template for Numeric Risk type","BTP - (RNC)-Asset Risk and Criticality Analysis Application - Regression Test","2026-08-19","broken","2026-08-19","","","",""
"","34095","should select a maintainable item row and click Assign","BTP - (Fleet) - Asset Strategy Analysis for Classes App - Flow 2 (Create & Delete)","2026-08-19","broken","2026-08-19","","","",""
"","75152","should add maintainable items for technical objects","BTP - RCM Analysis Application - Functional Test","2026-08-19","broken","2026-08-19","","","",""
"","0","should verify and edit header details","","2026-08-20","skipped","2026-08-20","","","",""
"","1","should verify attachment section","BTP - Maintenance Spend Planning item (MSP) - Functional Test","2026-08-20","skipped","2026-08-20","","","",""
"","75150","should create baseline assessment by choosing technical object and creating a new System","BTP - RCM Analysis Application - Create Baseline via technical object","2026-08-19","broken","2026-08-19","","","",""
"","58271","should edit structure info of equipment","BTP - Equipment Application - Functional test","2026-08-19","broken","2026-08-19","","","",""
"","0","should create workflow for the recommendation workbench","","2026-08-20","skipped","2026-08-20","","","",""
"","12381","should verify attachment section","BTP - Functional Location - Functional Test","2026-08-19","broken","2026-08-19","","","",""
"","184159","should edit task details and save changes","BTP Task Management - Functional Test","2026-08-19","broken","2026-08-19","","","",""
"","68300","should create a new assessment with all mandatory fields","BTP - (Fleet) - Asset Strategy Analysis for Classes App - Flow 1 (Create, Edit, Operating Context & Summary Report Download) - Functional Test","2026-08-19","passed","2026-08-19","","","",""
"","79133","should download the template","BTP Configuration (Picklist Creation) - Functional Test","2026-08-19","broken","2026-08-19","","","",""
"","1","should verify Administrative Information tab","","2026-08-20","skipped","2026-08-20","","","",""
"","30078","should verify maintenance order data is loaded correctly","BTP Maintenance Orders Application Functional test","2026-08-20","broken","2026-08-20","","","",""
"","79168","should assign equipment to the assessment and verify","BTP - (RNC)-Asset Risk and Criticality Analysis Application - Regression Test","2026-08-19","broken","2026-08-19","","","",""
"","64188","should add characteristics (incl. FLUID_CR), set their values, and create the OCC","BTP - (Fleet) - Asset Strategy Analysis for Classes App - Flow 2 (Create & Delete)","2026-08-19","broken","2026-08-19","","","",""
"","131816","should open Asset RCM Analysis, clone it with baseline checkbox enabled, verify and delete it","BTP - Asset Cloning Suite Application - Functional Test","2026-08-20","passed","2026-08-20","","","",""
"","64185","should expand the CML Template, select the first Persona and add a Data Store","BTP - (Integrity Configuration) - CML Templates App - Functional Test","2026-08-20","broken","2026-08-20","","","",""
"","75345","should navigate to the detail view of this equipment from the Asset Overview row","BTP - CMLs - Report Verification","2026-08-20","broken","2026-08-20","","","",""
"","19737","should open Technical Object detail from FF, verify header, edit Risk Info, read Maintenance & Service, then close tech-obj detail","031-1_Create RCM Assessment in ASINT AIS (Baseline Assessment) and 039_Assign Mitigated SHE and Financial Risk with associated mitigating strategy","2026-08-20","passed","2026-08-20","","","",""
"","75081","should click Export to Excel for CMLs, wait for download and verify row count matches CMLs count","BTP - CMLs - Report Verification","2026-08-20","broken","2026-08-20","","","",""
"","79072","should select Create Maintenance Order option","BTP Maintenance Orders Application Functional test","2026-08-20","broken","2026-08-20","","","",""
"","39478","should verify asset inspection details (set 1)","BTP - Functional Location - Regression Test","2026-08-19","passed","2026-08-19","","","",""
"","13212","should verify and edit information tab","BTP - RCM Analysis Application - Create Baseline Assessment via Create System","2026-08-19","failed","2026-08-19","","","",""
"","20387","should navigate to Recommendation Workbench list view","BTP - Maintenance Spend Planning - Regression Test","2026-08-20","passed","2026-08-20","","","",""
"","13787","should navigate back to Home page after inspection readings","BTP - CMLs (Equipment) - Functional Test","2026-08-20","passed","2026-08-20","","","",""
"","75357","should verify details in MAWP section in CML detailed section","BTP - CMLs (Functional Location) - Functional Test","2026-08-20","broken","2026-08-20","","","",""
"","10126","should create equipment with mandatory fields and save","BTP - Equipment Application - Functional test","2026-08-19","broken","2026-08-19","","","",""
"","37185","Create new Asset RCM Assessment","BTP - RCM Analysis Application - Create Baseline Assessment via Create System","2026-08-19","passed","2026-08-19","","","",""
"","37230","should assign Assessment Template to the technical object","008_Assess criticality of equipment selected ASINT AIS","2026-08-20","passed","2026-08-20","","","",""
"","79139","should upload picklist data file","BTP - Configuration (Picklist Publish) - Functional Test","2026-08-19","broken","2026-08-19","","","",""
"","23314","should create a new RNCA assessment from list view","008_Assess criticality of equipment selected ASINT AIS","2026-08-20","passed","2026-08-20","","","",""
"","16535","should click Export to Excel and wait for the report to download","BTP - Asset RCM Analysis - Report Verification","2026-08-19","passed","2026-08-19","","","",""
"","8490","should click Create button to open creation options","BTP Maintenance Orders Application Functional test","2026-08-20","passed","2026-08-20","","","",""
"","79179","should assign equipment to the assessment and verify","BTP - (RNC)-Asset Risk and Criticality Analysis Application - Regression Test","2026-08-19","broken","2026-08-19","","","",""
"","75308","should verify Maintenance and Service information section","BTP RCA Application Functional test","2026-08-20","broken","2026-08-20","","","",""
"","34271","should be able to verify risk information section","BTP - Asset Strategy Development (ASD) - Functional Test","2026-08-19","broken","2026-08-19","","","",""
"","10151","should should delete assessment","BTP RCA Application Functional test","2026-08-20","broken","2026-08-20","","","",""
"","20970","should edit Scope information and verify","BTP - (RNC)-Asset Risk and Criticality Analysis Application - Regression Test","2026-08-19","passed","2026-08-19","","","",""
"","8378","should navigate to Asset RCM list view","BTP - RCM Analysis Application - Create Assessment via Create System","2026-08-19","passed","2026-08-19","","","",""
"","13980","should edit Validity Information","BTP - (RNC)-Asset Risk and Criticality Analysis Application - Regression Test","2026-08-19","passed","2026-08-19","","","",""
"","34090","should select ""Assign Failure Modes"", search, tick the matching row and click Assign","BTP - (Fleet) - Asset Strategy Analysis for Classes App - Flow 2 (Create & Delete)","2026-08-19","broken","2026-08-19","","","",""
"","5859","should store the Asset Overview row values globally","BTP - CMLs - Report Verification","2026-08-20","passed","2026-08-20","","","",""
"","75137","should verify change history","BTP - Equipment Application - Functional test","2026-08-19","broken","2026-08-19","","","",""
"","48802","should delete the created functional location and verify","BTP - Functional Location - Functional Test","2026-08-19","broken","2026-08-19","","","",""
"","19740","should edit General Information tab of created assessment","BTP - (RNC)-Asset Risk and Criticality Analysis Application - Functional Test","2026-08-19","passed","2026-08-19","","","",""
"","75179","should verify maintenance and service","BTP - Functional Location - Functional Test","2026-08-19","broken","2026-08-19","","","",""
"","53119","should verify and edit information tab","044_Submit Assessment for Approval","2026-08-20","passed","2026-08-20","","","",""
"","19708","should create a new RNCA assessment from list view","BTP - (RNC)-Asset Risk and Criticality Analysis Application - Functional Test","2026-08-19","passed","2026-08-19","","","",""
"","1","should create MSP item #5 and change status to 'Deferred'","BTP - Maintenance Spend Planning - Bulk Update Regression","2026-08-20","skipped","2026-08-20","","","",""
"","84148","should open the created matrix","BTP Configuration (Matrices) - Functional Test","2026-08-19","broken","2026-08-19","","","",""
"","75134","should add functional failure for assigned functions","BTP - RCM Analysis Application - Functional Test","2026-08-19","broken","2026-08-19","","","",""
"","89346","should create new CMLs using Functional Location","BTP - CMLs (Functional Location) - Functional Test","2026-08-20","passed","2026-08-20","","","",""
"","64096","should add characteristics (incl. FLUID_CR), set their values, and create the OCC","BTP - (Fleet) - Asset Strategy Analysis for Classes App - Flow 3 (Create & Delete without Baseline)","2026-08-19","broken","2026-08-19","","","",""
"","74624","should verify historic data of the recommendation workbench","BTP - Recommendation Workbench (Functional Location) - Functional Test","2026-08-20","broken","2026-08-20","","","",""
"","79049","should verify assessment tab and add technical objects","037_Perform consequence evaluation & 038_Assign Unmitigated SHE and Financial Risk","2026-08-20","broken","2026-08-20","","","",""
"","14252","should navigate to Technical Objects tab","BTP RCA Application Functional test","2026-08-20","broken","2026-08-20","","","",""
"","34157","should select a maintainable item row and click Assign","BTP - (Fleet) - Asset Strategy Analysis for Classes App - Flow 3 (Create & Delete without Baseline)","2026-08-19","broken","2026-08-19","","","",""
"","1594","should verify Analytic chart option in list View","BTP - Functional Location - Functional Test","2026-08-19","passed","2026-08-19","","","",""
"","36182","should verify risk and criticality details","BTP - Equipment - Regression Test","2026-08-19","broken","2026-08-19","","","",""
"","9125","should verify created System name is reflected in hierarchy","031-1_Create RCM Assessment in ASINT AIS (Baseline Assessment) and 039_Assign Mitigated SHE and Financial Risk with associated mitigating strategy","2026-08-20","passed","2026-08-20","","","",""
"","77598","should verify CML from header section of functional location","BTP - Functional Location - Functional Test","2026-08-19","broken","2026-08-19","","","",""
"","20224","should update RCA General Information","BTP RCA Application Functional test","2026-08-20","broken","2026-08-20","","","",""
"","75318","should publish the created assessment and verify","008_Assess criticality of equipment selected ASINT AIS","2026-08-20","broken","2026-08-20","","","",""
"","20464","should navigate to functional location list view","BTP - Recommendation Workbench (Equipment) - Functional Test","2026-08-20","passed","2026-08-20","","","",""
"","19788","should open Technical Object detail from FF, verify header, edit Risk Info, read Maintenance & Service, then close tech-obj detail","BTP - RCM Analysis Application - Create Baseline Assessment via Create System","2026-08-19","passed","2026-08-19","","","",""
"","24493","should navigate to CMLs list view","BTP - CMLs - Report Verification","2026-08-20","passed","2026-08-20","","","",""
"","4181","should store the risk and criticality score values","008_Assess criticality of equipment selected ASINT AIS","2026-08-20","broken","2026-08-20","","","",""
"","14241","should search the created CML in functional location detail and open it","BTP - CMLs (Functional Location) - Functional Test","2026-08-20","failed","2026-08-20","","","",""
"","66165","should verify asset strategy details (RBI)","BTP - Equipment - Regression Test","2026-08-19","broken","2026-08-19","","","",""
"","54185","should assign equipment again to the assessment and verify","BTP - (RNC)-Asset Risk and Criticality Analysis Application - Regression Test","2026-08-19","broken","2026-08-19","","","",""
"","0","should change the status of the recommendation workbench","","2026-08-20","skipped","2026-08-20","","","",""
"","20580","should click on equipment application and verify the title","BTP - Equipment Application - Adapt Filter Functional test","2026-08-19","passed","2026-08-19","","","",""
"","120","should expand System, verify Sub-System is nested, then assign a Function to Sub-System","BTP - RCM Analysis Application - Create Assessment via Create System","2026-08-19","failed","2026-08-19","","","",""
"","58420","should verify fields in list view using setting option","BTP - Functional Location - Functional Test","2026-08-19","passed","2026-08-19","","","",""
"","1","should edit general information section","BTP - Maintenance Spend Planning item (MSP) - Functional Test","2026-08-20","skipped","2026-08-20","","","",""
"","75537","should add functional location as technical objects","BTP - RCM Analysis Application - Functional Test","2026-08-19","broken","2026-08-19","","","",""
"","149500","should create new recommendation workbench from list page","052 -> Select recommendation and flag for turnaround work scope","2026-08-20","failed","2026-08-20","","","",""
"","19224","should create asset inspection using same equipment from CML and navigate to detail page","BTP - CMLs (Equipment) - Functional Test","2026-08-20","passed","2026-08-20","","","",""
"","15298","should add Maintainable Items via the equipment row on Functional Failure detail page","BTP - RCM Analysis Application - Create Baseline Assessment via Create System","2026-08-19","passed","2026-08-19","","","",""
"","21073","should navigate to functional location list view","BTP - Functional Location - Functional Test","2026-08-19","passed","2026-08-19","","","",""
"","8813","should verify show hierarchy option in list View","BTP - Asset Strategy Development (ASD) (ListView) - Functional Test","2026-08-19","passed","2026-08-19","","","",""
"","79856","should be able to download and verify ASD report","BTP - Asset Strategy Development (ASD) - Functional Test","2026-08-19","broken","2026-08-19","","","",""
"","95576","should fill and submit Create Assessment form","BTP RCA Application Functional test","2026-08-20","broken","2026-08-20","","","",""
"","12400","should verify attachment section","BTP - Asset Strategy Development (ASD)- Multiple Functional Locations - Functional Test","2026-08-19","broken","2026-08-19","","","",""
"","1","should edit assignments section","BTP - Maintenance Spend Planning item (MSP) - Functional Test","2026-08-20","skipped","2026-08-20","","","",""
"","77180","should add failure modes for added maintainable items of functional location technical objects","BTP - RCM Analysis Application - Functional Test","2026-08-19","broken","2026-08-19","","","",""
"","53846","should verify and edit information tab","031-1_Create RCM Assessment in ASINT AIS (Baseline Assessment) and 039_Assign Mitigated SHE and Financial Risk with associated mitigating strategy","2026-08-20","passed","2026-08-20","","","",""
"","169331","should add attachments to the recommendation workbench","BTP - Recommendation Workbench (Functional Location) - Functional Test","2026-08-20","passed","2026-08-20","","","",""
"","8375","should navigate to Asset RCM list view","BTP - RCM Application - Functional Test","2026-08-19","passed","2026-08-19","","","",""
"","49644","should navigate back to list view and search for the newly created recommendation workbench with same maintenance event and business impact","052 -> Select recommendation and flag for turnaround work scope","2026-08-20","broken","2026-08-20","","","",""
"","8232","should navigate to Documents list and verify page","BTP - Documents Application - Functional test","2026-08-19","passed","2026-08-19","","","",""
"","6810","should capture all filtered Assessment rows from the list view","BTP - Asset RCM Analysis - Report Verification","2026-08-19","passed","2026-08-19","","","",""
"","21201","should edit Scope information and verify","BTP - (RNC)-Asset Risk and Criticality Analysis Application - Regression Test","2026-08-19","passed","2026-08-19","","","",""
"","34132","should tick the first equipment, click Confirm, OK, then close the column","BTP - (Fleet) - Asset Strategy Analysis for Classes App - Flow 3 (Create & Delete without Baseline)","2026-08-19","broken","2026-08-19","","","",""
"","30369","Create new Asset RCM Assessment with technical objects and functional location technical objects","044_Submit Assessment for Approval","2026-08-20","passed","2026-08-20","","","",""
"","20937","should edit Scope information and verify","008_Assess criticality of equipment selected ASINT AIS","2026-08-20","passed","2026-08-20","","","",""
"","18342","should navigate to Maintenance Spend Planning list view","BTP - Maintenance Spend Planning item (MSP) - Functional Test","2026-08-20","passed","2026-08-20","","","",""
"","67303","should create a new assessment with all mandatory fields (without baseline)","BTP - (Fleet) - Asset Strategy Analysis for Classes App - Flow 3 (Create & Delete without Baseline)","2026-08-19","passed","2026-08-19","","","",""
"","24439","should navigate to CMLs list view","BTP - CMLs (Equipment) - Functional Test","2026-08-20","passed","2026-08-20","","","",""
"","55373","Should verify classification and MDA tab","BTP - Functional Location - Functional Test","2026-08-19","broken","2026-08-19","","","",""
"","175408","should create assessment by choosing technical object and creating a new System","031-1_Create RCM Assessment in ASINT AIS (Baseline Assessment) and 039_Assign Mitigated SHE and Financial Risk with associated mitigating strategy","2026-08-20","passed","2026-08-20","","","",""
"","75121","should add functions for functional location technical objects","044_Submit Assessment for Approval","2026-08-20","broken","2026-08-20","","","",""
"","16219","should be able to verify and edit Analysis section","BTP - Asset Strategy Development (ASD)- Multiple Functional Locations - Functional Test","2026-08-19","passed","2026-08-19","","","",""
"","180198","should delete the task","BTP Task Management - Functional Test","2026-08-19","broken","2026-08-19","","","",""
"","4195","should verify task was created successfully","BTP Task Management - Functional Test","2026-08-19","broken","2026-08-19","","","",""
"","20044","should expand System, verify Sub-System is nested, then assign a Function to Sub-System","BTP - RCM Analysis Application - Create Baseline Assessment via Create System","2026-08-19","passed","2026-08-19","","","",""
"","0","should fill 'Convert To MSP Item' dialog and convert","BTP - Maintenance Spend Planning - Regression Test","2026-08-20","skipped","2026-08-20","","","",""
"","10275","should capture the Recommendation Workbench id","052 -> Select recommendation and flag for turnaround work scope","2026-08-20","passed","2026-08-20","","","",""
"","96749","should add functional location as technical objects","037_Perform consequence evaluation & 038_Assign Unmitigated SHE and Financial Risk","2026-08-20","broken","2026-08-20","","","",""
"","0","should verify Administrative Information tab","","2026-08-19","skipped","2026-08-19","","","",""
"","14199","should create a new asset risk and criticality template","BTP - (RCT) -Asset Risk and Criticality Template App - Functional test","2026-08-19","passed","2026-08-19","","","",""
"","4442","should verify details in history section in CML detailed section","BTP - CMLs (Equipment) - Functional Test","2026-08-20","passed","2026-08-20","","","",""
"","184142","should update task status to Completed","BTP Task Management - Functional Test","2026-08-19","broken","2026-08-19","","","",""
"","354308","should open Failure Mode detail, verify header + Code IDs, verify Analysis Details / Risk Info / Risk Matrix, close panels","BTP - RCM Analysis Application - Create Baseline Assessment via Create System","2026-08-19","failed","2026-08-19","","","",""
"","83223","should be able create workflow","BTP - Asset Strategy Development (ASD) - Functional Test","2026-08-19","broken","2026-08-19","","","",""
"","10179","should should delete assessment","BTP RCA Application Functional test","2026-08-20","broken","2026-08-20","","","",""
"","18463","should navigate to equipment list view","BTP - Equipment - Regression Test","2026-08-19","passed","2026-08-19","","","",""
"","241","should select the 1st and 2nd RCM assessment from list view","044_Submit Assessment for Approval","2026-08-20","passed","2026-08-20","","","",""
"","34144","should click the ""+"" Add button on the assigned maintainable item row","BTP - (Fleet) - Asset Strategy Analysis for Classes App - Flow 3 (Create & Delete without Baseline)","2026-08-19","broken","2026-08-19","","","",""
"","79152","should open the Picklist section, click Edit → Add and create a picklist with ""AutomationTestSample""","BTP - (Integrity Configuration) - CML Templates App - Functional Test","2026-08-20","broken","2026-08-20","","","",""
"","124379","should create new recommendation workbench using functional location from list page","052 -> Select recommendation and flag for turnaround work scope","2026-08-20","broken","2026-08-20","","","",""
"","0","should edit details section","BTP - Maintenance Spend Planning item (MSP) - Functional Test","2026-08-20","skipped","2026-08-20","","","",""
"","34103","should click on the assigned failure mode (False alarms)","BTP - (Fleet) - Asset Strategy Analysis for Classes App - Flow 3 (Create & Delete without Baseline)","2026-08-19","broken","2026-08-19","","","",""
"","259","should wait for the last tile (HAZOP) to load and verify count","BTP - Home Page - Functional Test","2026-08-19","passed","2026-08-19","","","",""
"","132479","should open Asset Strategy Analysis for Classes, search ""Automation_Test (DND)"", clone it with baseline checkbox enabled, verify and delete","BTP - Asset Cloning Suite Application - Functional Test","2026-08-20","passed","2026-08-20","","","",""
"","24848","should download and verify Summary Report contains System / Sub-System / Function chain entities","BTP - RCM Analysis Application - Create Baseline Assessment via Create System","2026-08-19","passed","2026-08-19","","","",""
"","75128","should add functional failure for assigned functions","044_Submit Assessment for Approval","2026-08-20","broken","2026-08-20","","","",""
"","79126","should edit the created matrix","BTP Configuration (Matrices) - Functional Test","2026-08-19","broken","2026-08-19","","","",""
"","31087","should add and verify all the adapt filters","BTP Notifications Application","2026-08-20","passed","2026-08-20","","","",""
"","31595","should assign equipment to the assessment and verify","008_Assess criticality of equipment selected ASINT AIS","2026-08-20","passed","2026-08-20","","","",""
"","14257","should navigate to the Configuration Management App","BTP Configuration (Picklist Creation) - Functional Test","2026-08-19","passed","2026-08-19","","","",""
"","4082","should be able to verify risk matrix section","BTP - Asset Strategy Development (ASD) - Functional Test","2026-08-19","passed","2026-08-19","","","",""
"","20562","should navigate to functional location list view","052 -> Select recommendation and flag for turnaround work scope","2026-08-20","passed","2026-08-20","","","",""
"","691","should verify critical tiles are present in the list","BTP - Home Page - Functional Test","2026-08-19","passed","2026-08-19","","","",""
"","1","should edit general information of the recommendation workbench","","2026-08-20","skipped","2026-08-20","","","",""
"","8244","should be able to capture asset strategy development details for single equipment","BTP - Asset Strategy Development (ASD)- Multiple Functional Locations - Functional Test","2026-08-19","passed","2026-08-19","","","",""
"","85918","should create new CMLs","BTP - CMLs (Equipment) - Functional Test","2026-08-20","passed","2026-08-20","","","",""
"","30282","Create new Asset RCM Assessment","034_RCM Assessment via assigning a RCM Template (Baseline)","2026-08-20","passed","2026-08-20","","","",""
"","30122","should add created CML, enter readings, calculate and save in CML tab","BTP - CMLs (Functional Location) - Functional Test","2026-08-20","broken","2026-08-20","","","",""
"","127978","should open Asset RCM Analysis, search ""Automation Test (DND)"", clone the first assessment, verify its title and delete it","BTP - Asset Cloning Suite Application - Functional Test","2026-08-20","passed","2026-08-20","","","",""
"","58268","should navigate to FishBone Analysis tab","BTP RCA Application Functional test","2026-08-20","broken","2026-08-20","","","",""
"","64105","should open the Assessment section and click Create Operating Context and Condition","BTP - (Fleet) - Asset Strategy Analysis for Classes App - Flow 1 (Create, Edit, Operating Context & Summary Report Download) - Functional Test","2026-08-19","broken","2026-08-19","","","",""
"","693813","should create assessment by choosing technical object and creating a new System","034_RCM Assessment via assigning a RCM Template (Baseline)","2026-08-20","broken","2026-08-20","","","",""
"","12784","should verify assigned Function is visible under Sub-System and open its detail page","031-1_Create RCM Assessment in ASINT AIS (Baseline Assessment) and 039_Assign Mitigated SHE and Financial Risk with associated mitigating strategy","2026-08-20","passed","2026-08-20","","","",""
"","75331","should publish the created assessment and verify","008_Assess criticality of equipment selected ASINT AIS","2026-08-20","broken","2026-08-20","","","",""
"","184183","should open task detail and edit header details","BTP Task Management - Functional Test","2026-08-19","broken","2026-08-19","","","",""
"","59289","should verify fields in list view using setting option","BTP - Asset Strategy Development (ASD) (ListView) - Functional Test","2026-08-19","passed","2026-08-19","","","",""
"","12383","should verify attachment section","BTP - Asset Strategy Development (ASD) - Functional Test","2026-08-19","broken","2026-08-19","","","",""
"","160329","should navigate to Task Management and create a new task","BTP Task Management - Functional Test","2026-08-19","broken","2026-08-19","","","",""
"","67110","should create new recommendation workbench (Functional Location) from list page","BTP - Recommendation Workbench (Functional Location) - Functional Test","2026-08-20","passed","2026-08-20","","","",""
"","34102","should click ""Create"" on the Strategies section, fill the form and submit","BTP - (Fleet) - Asset Strategy Analysis for Classes App - Flow 3 (Create & Delete without Baseline)","2026-08-19","broken","2026-08-19","","","",""
"","8004","should click on asset risk and criticality analysis application","008_Assess criticality of equipment selected ASINT AIS","2026-08-20","passed","2026-08-20","","","",""
"","8622","should be able to create asset strategy development for single equipment","BTP - Asset Strategy Development (ASD) - Functional Test","2026-08-19","broken","2026-08-19","","","",""
"","79141","should add a second Data Store (String, CodeList row 2)","BTP - (Integrity Configuration) - CML Templates App - Functional Test","2026-08-20","broken","2026-08-20","","","",""
"","2","should be able publish ASD","BTP - Asset Strategy Development (ASD) - Functional Test","2026-08-19","passed","2026-08-19","","","",""
"","119","should download and verify Summary Report contains System / Sub-System / Function chain entities","BTP - RCM Analysis Application - Create Assessment via Create System","2026-08-19","failed","2026-08-19","","","",""
"","353358","should open Failure Mode detail, verify header + Code IDs, verify Analysis Details (Strategy creation/edition/deletion) / Risk Info / Risk Matrix, close panels","031-1_Create RCM Assessment in ASINT AIS (Baseline Assessment) and 039_Assign Mitigated SHE and Financial Risk with associated mitigating strategy","2026-08-20","failed","2026-08-20","","","",""
"","85207","should assign & unassign Assign Inspection and verify on asset inspection details","BTP Notifications Application","2026-08-20","broken","2026-08-20","","","",""
"","3869","should delete the newly created RCM assessment","BTP - RCM Analysis Application - Create Baseline Assessment via Create System","2026-08-19","broken","2026-08-19","","","",""
"","13903","should edit Validity Information","008_Assess criticality of equipment selected ASINT AIS","2026-08-20","passed","2026-08-20","","","",""
"","79061","should delete the CML Template","BTP - (Integrity Configuration) - CML Templates App - Functional Test","2026-08-20","broken","2026-08-20","","","",""
"","44445","should be able to create asset strategy development for multiple functional locations","BTP - Asset Strategy Development (ASD)- Multiple Functional Locations - Functional Test","2026-08-19","broken","2026-08-19","","","",""
"","34224","should be able to verify risk information section","BTP - Asset Strategy Development (ASD)- Multiple Functional Locations - Functional Test","2026-08-19","broken","2026-08-19","","","",""
"","47807","should verify asset strategy details (RCM/Fleet) (set 1)","BTP - Functional Location - Regression Test","2026-08-19","broken","2026-08-19","","","",""
"","37469","should verify findings details (set 1)","BTP - Functional Location - Regression Test","2026-08-19","passed","2026-08-19","","","",""
"","44350","should navigate to Configuration Management App","BTP Configuration (Matrices) - Functional Test","2026-08-19","passed","2026-08-19","","","",""
"","38839","should create a single level/multiple workflow from detail page","008_Assess criticality of equipment selected ASINT AIS","2026-08-20","broken","2026-08-20","","","",""
"","75088","should add maintainable items for functional location technical objects","037_Perform consequence evaluation & 038_Assign Unmitigated SHE and Financial Risk","2026-08-20","broken","2026-08-20","","","",""
"","694485","should create assessment by choosing technical object and creating a new System","BTP - RCM Analysis Application - Create Assessment via Create System","2026-08-19","broken","2026-08-19","","","",""
"","79139","should click ""New Visualization Configuration"" and add a Form visualization","BTP - (Integrity Configuration) - CML Templates App - Functional Test","2026-08-20","broken","2026-08-20","","","",""
"","1335","should capture the assessment name and ID","008_Assess criticality of equipment selected ASINT AIS","2026-08-20","passed","2026-08-20","","","",""
"","8250","should capture header details of newly created Recommendation Workbench items","052 -> Select recommendation and flag for turnaround work scope","2026-08-20","passed","2026-08-20","","","",""
"","19431","should edit General Information tab of created assessment","008_Assess criticality of equipment selected ASINT AIS","2026-08-20","passed","2026-08-20","","","",""
"","79155","should configure Y-axis entirely","BTP Configuration (Matrices) - Functional Test","2026-08-19","broken","2026-08-19","","","",""
"","75141","should add Functional Failure for the assigned Function under Sub-System","BTP - RCM Analysis Application - Create Assessment via Create System","2026-08-19","broken","2026-08-19","","","",""
"","38121","should create asset inspection using same functional location from CML and navigate to detail page","BTP - CMLs (Functional Location) - Functional Test","2026-08-20","broken","2026-08-20","","","",""
"","23223","should create a new RNCA assessment from list view","008_Assess criticality of equipment selected ASINT AIS","2026-08-20","passed","2026-08-20","","","",""
"","8389","should navigate to Asset RCM list view","BTP - RCM Analysis Application - Create Baseline Assessment via Create System","2026-08-19","passed","2026-08-19","","","",""
"","12602","should verify attachment section","BTP - RCM Analysis Application - Functional Test","2026-08-19","broken","2026-08-19","","","",""
"","75149","should verify Maintenance and Service information section","BTP RCA Application Functional test","2026-08-20","broken","2026-08-20","","","",""
"","18465","should navigate to Root Cause Analysis list view","BTP RCA Application Functional test","2026-08-20","passed","2026-08-20","","","",""
"","9069","should verify notification general info details","BTP Notifications Application","2026-08-20","passed","2026-08-20","","","",""
"","30095","should edit general info and roles in detail page","BTP - CMLs (Equipment) - Functional Test","2026-08-20","broken","2026-08-20","","","",""
"","75077","should add maintainable items for technical objects","037_Perform consequence evaluation & 038_Assign Unmitigated SHE and Financial Risk","2026-08-20","broken","2026-08-20","","","",""
"","8325","should capture header details of newly created Recommendation Workbench items","BTP - Recommendation Workbench (Functional Location) - Functional Test","2026-08-20","passed","2026-08-20","","","",""
"","162","should be able to delete newly created RCM","037_Perform consequence evaluation & 038_Assign Unmitigated SHE and Financial Risk","2026-08-20","failed","2026-08-20","","","",""
"","45274","should verify and edit header details of the recommendation workbench","BTP - Recommendation Workbench (Functional Location) - Functional Test","2026-08-20","passed","2026-08-20","","","",""
"","75258","should publish assessment","BTP - (RNC)-Asset Risk and Criticality Analysis Application - Regression Test","2026-08-19","broken","2026-08-19","","","",""
"","55212","should assign Maintenance Data Attributes to Equipment","BTP - Equipment Application - Functional test","2026-08-19","broken","2026-08-19","","","",""
"","79172","should click ""Add Reading"", increment the count and save","BTP - (Integrity Configuration) - CML Templates App - Functional Test","2026-08-20","broken","2026-08-20","","","",""
"","0","should create workflow","BTP - Maintenance Spend Planning item (MSP) - Functional Test","2026-08-20","skipped","2026-08-20","","","",""
"","79143","should delete the created matrix","BTP Configuration (Matrices) - Functional Test","2026-08-19","broken","2026-08-19","","","",""
"","4213","should store the risk and criticality score values","008_Assess criticality of equipment selected ASINT AIS","2026-08-20","broken","2026-08-20","","","",""
"","54049","should verify and edit information tab","BTP - RCM Analysis Application - Create Baseline via technical object","2026-08-19","passed","2026-08-19","","","",""
"","121","should open Technical Object detail from FF, verify header, edit Risk Info, read Maintenance & Service, then close tech-obj detail","BTP - RCM Analysis Application - Create Assessment via Create System","2026-08-19","failed","2026-08-19","","","",""
"","40807","should delete the recommendation workbench","BTP - Recommendation Workbench (Functional Location) - Functional Test","2026-08-20","passed","2026-08-20","","","",""
"","55255","should assign functional location template and classes and characterstics in assignments","BTP - Functional Location - Functional Test","2026-08-19","broken","2026-08-19","","","",""
"","50190","should goto the assignment tab and verify assignment details","BTP - Documents Application - Functional test","2026-08-20","broken","2026-08-20","","","",""
"","44898","should add and verify all the adapt filters","BTP - Functional Location - Functional Test","2026-08-19","passed","2026-08-19","","","",""
"","21333","should navigate to functional location list view","BTP - Functional Location Application - Adapt Filter Functional test","2026-08-19","passed","2026-08-19","","","",""
"","79130","should should publish the matrix","BTP Configuration (Matrices) - Functional Test","2026-08-19","broken","2026-08-19","","","",""
"","2","should capture header details of newly created Recommendation Workbench items","BTP - Recommendation Workbench (Equipment) - Functional Test","2026-08-20","skipped","2026-08-20","","","",""
"","34095","should click ""Assign/Unassign Technical Object"" → Assign → Equipment","BTP - (Fleet) - Asset Strategy Analysis for Classes App - Flow 3 (Create & Delete without Baseline)","2026-08-19","broken","2026-08-19","","","",""
"","120","should add a Sub-System under the created System with the same Technical Object","BTP - RCM Analysis Application - Create Assessment via Create System","2026-08-19","failed","2026-08-19","","","",""
"","18377","should add Failure Modes via the Maintainable Item row on Functional Failure detail page","031-1_Create RCM Assessment in ASINT AIS (Baseline Assessment) and 039_Assign Mitigated SHE and Financial Risk with associated mitigating strategy","2026-08-20","passed","2026-08-20","","","",""
"","72","should verify the exported Excel contains the searched equipment","BTP - CMLs - Report Verification","2026-08-20","broken","2026-08-20","","","",""
"","34230","should be able to verify CMLs section","BTP - Asset Strategy Development (ASD)- Multiple Functional Locations - Functional Test","2026-08-19","broken","2026-08-19","","","",""
"","64168","should verify Administrative Information tab","BTP - (RNC)-Asset Risk and Criticality Analysis Application - Regression Test","2026-08-19","broken","2026-08-19","","","",""
"","19559","should expand System, verify Sub-System is nested, then assign a Function to Sub-System","031-1_Create RCM Assessment in ASINT AIS (Baseline Assessment) and 039_Assign Mitigated SHE and Financial Risk with associated mitigating strategy","2026-08-20","passed","2026-08-20","","","",""
"","18474","should navigate to asset Inspection","BTP - CMLs (Functional Location) - Functional Test","2026-08-20","passed","2026-08-20","","","",""
"","231","should be able to delete newly created RCM","BTP - RCM Analysis Application - Functional Test","2026-08-19","failed","2026-08-19","","","",""
"","1","should able to change status of MSP","BTP - Maintenance Spend Planning item (MSP) - Functional Test","2026-08-20","skipped","2026-08-20","","","",""
"","139622","should navigate into the Matrices section","BTP Configuration (Matrices) - Functional Test","2026-08-19","broken","2026-08-19","","","",""
"","34193","should select ""Assign Failure Modes"", search, tick the matching row and click Assign","BTP - (Fleet) - Asset Strategy Analysis for Classes App - Flow 3 (Create & Delete without Baseline)","2026-08-19","broken","2026-08-19","","","",""
"","34097","should click ""Assign"" on the Failure Mechanism section, tick ""Loose Hub"" and ""Corrosion/Erosion"" and confirm","BTP - (Fleet) - Asset Strategy Analysis for Classes App - Flow 3 (Create & Delete without Baseline)","2026-08-19","broken","2026-08-19","","","",""
"","8394","should navigate to Asset RCM list view","BTP - RCM Analysis Application - Functional Test","2026-08-19","passed","2026-08-19","","","",""
"","60003","should verify Inspection Templates list view page is displayed","BTP Inspection Templates Application - Functional test","2026-08-19","passed","2026-08-19","","","",""
"","44250","should navigate to Configuration Management App","BTP Configuration (Matrices) - Functional Test","2026-08-19","passed","2026-08-19","","","",""
"","45210","should select SHE and FIN impact values on first block and save","008_Assess criticality of equipment selected ASINT AIS","2026-08-20","failed","2026-08-20","","","",""
"","64188","should verify Administrative Information tab","BTP - (RNC)-Asset Risk and Criticality Analysis Application - Regression Test","2026-08-19","broken","2026-08-19","","","",""
"","1","should fill Bulk Update dialog and Save","BTP - Maintenance Spend Planning - Bulk Update Regression","2026-08-20","skipped","2026-08-20","","","",""
"","1","should create MSP item #4 and change status to 'Planning'","BTP - Maintenance Spend Planning - Bulk Update Regression","2026-08-20","skipped","2026-08-20","","","",""
"","1","should verify historic data of the recommendation workbench","BTP - Recommendation Workbench (Equipment) - Functional Test","2026-08-20","skipped","2026-08-20","","","",""
"","88269","should be able to verify and edit general information section","BTP - Asset Strategy Development (ASD) - Functional Test","2026-08-19","broken","2026-08-19","","","",""
"","1","should capture header details of newly created MSP items","BTP - Maintenance Spend Planning item (MSP) - Functional Test","2026-08-20","skipped","2026-08-20","","","",""
"","36213","should verify asset strategy details (RCM/Fleet)","BTP - Equipment - Regression Test","2026-08-19","broken","2026-08-19","","","",""
"","14166","should search the created CML in equipment detail and open it","BTP - CMLs (Equipment) - Functional Test","2026-08-20","failed","2026-08-20","","","",""
"","79150","should add a CML Template entry via the ""+"" button","BTP - (Integrity Configuration) - CML Templates App - Functional Test","2026-08-20","broken","2026-08-20","","","",""
"","0","should assign Equipment Template and Equipment Classes to Equipment","","2026-08-19","skipped","2026-08-19","","","",""
"","136568","should assign equipment to the assessment and verify","008_Assess criticality of equipment selected ASINT AIS","2026-08-20","passed","2026-08-20","","","",""
"","1","should edit risk data of the recommendation workbench","BTP - Recommendation Workbench (Equipment) - Functional Test","2026-08-20","skipped","2026-08-20","","","",""
"","60166","should verify created System name is reflected in hierarchy","BTP - RCM Analysis Application - Create Baseline via technical object","2026-08-19","failed","2026-08-19","","","",""
"","54720","should verify and edit information tab","BTP - RCM Analysis Application - Functional Test","2026-08-19","passed","2026-08-19","","","",""
"","4737","should verify Analytic chart option in list View","BTP - Asset Strategy Development (ASD) (ListView) - Functional Test","2026-08-19","passed","2026-08-19","","","",""
"","79132","should open the created Picklist and Add Column","BTP - Configuration (Picklist Publish) - Functional Test","2026-08-19","broken","2026-08-19","","","",""
"","15133","should goto inspection header mapping and map the section to header and verify","BTP Inspection Templates Application - Functional test","2026-08-19","broken","2026-08-19","","","",""
"","54705","should verify and edit information tab","037_Perform consequence evaluation & 038_Assign Unmitigated SHE and Financial Risk","2026-08-20","passed","2026-08-20","","","",""
"","13754","should navigate back to Home page after inspection readings","BTP - CMLs (Functional Location) - Functional Test","2026-08-20","passed","2026-08-20","","","",""
"","34108","should expand the newly created Operating Context row in the Assessment Hierarchy","BTP - (Fleet) - Asset Strategy Analysis for Classes App - Flow 3 (Create & Delete without Baseline)","2026-08-19","broken","2026-08-19","","","",""
"","8622","should click on asset risk and criticality analysis application","BTP - (RNC)-Asset Risk and Criticality Analysis Application - Regression Test","2026-08-19","passed","2026-08-19","","","",""
"","34178","should open the created CML Template and edit Short/Long Description","BTP - (Integrity Configuration) - CML Templates App - Functional Test","2026-08-20","broken","2026-08-20","","","",""
"","75174","should verify risk summary","BTP - Functional Location - Functional Test","2026-08-19","broken","2026-08-19","","","",""
"","8317","should capture header details of newly created MSP items","BTP - Maintenance Spend Planning event (MSPE) - Functional Test","2026-08-20","passed","2026-08-20","","","",""
"","79211","should open the created Picklist and Add Column","BTP Configuration (Picklist Creation) - Functional Test","2026-08-19","broken","2026-08-19","","","",""
"","58219","should verify attachment section","BTP RCA Application Functional test","2026-08-20","broken","2026-08-20","","","",""
"","16208","should be able to verify and edit Analysis section","BTP - Asset Strategy Development (ASD) - Functional Test","2026-08-19","passed","2026-08-19","","","",""
"","35664","should click on the Operating Context (TestOCC1)","BTP - (Fleet) - Asset Strategy Analysis for Classes App - Flow 3 (Create & Delete without Baseline)","2026-08-19","broken","2026-08-19","","","",""
"","120","should expand equipment row and verify the Maintainable Item is nested under it","BTP - RCM Analysis Application - Create Assessment via Create System","2026-08-19","failed","2026-08-19","","","",""
"","75450","should add functional location as technical objects","044_Submit Assessment for Approval","2026-08-20","broken","2026-08-20","","","",""
"","75132","should add failure modes for added maintainable items of technical objects","BTP - RCM Analysis Application - Functional Test","2026-08-19","broken","2026-08-19","","","",""
"","23137","should add Functional Failure for the assigned Function under Sub-System","031-1_Create RCM Assessment in ASINT AIS (Baseline Assessment) and 039_Assign Mitigated SHE and Financial Risk with associated mitigating strategy","2026-08-20","passed","2026-08-20","","","",""
"","1","should edit summary section","BTP - Maintenance Spend Planning item (MSP) - Functional Test","2026-08-20","skipped","2026-08-20","","","",""
"","55571","should verify fields in list view using setting option","BTP - RCM Application - Functional Test","2026-08-19","passed","2026-08-19","","","",""
"","30136","should verify and edit header information","BTP - Equipment Application - Functional test","2026-08-19","broken","2026-08-19","","","",""
"","121","should add Maintainable Items via the equipment row on Functional Failure detail page","BTP - RCM Analysis Application - Create Assessment via Create System","2026-08-19","failed","2026-08-19","","","",""
"","79143","should delete the created Picklist","BTP Configuration (Picklist Creation) - Functional Test","2026-08-19","broken","2026-08-19","","","",""
"","18404","should navigate to asset Inspection","BTP - CMLs (Equipment) - Functional Test","2026-08-20","passed","2026-08-20","","","",""
"","1","should capture header details of the newly created recommendation","BTP - Maintenance Spend Planning - Regression Test","2026-08-20","skipped","2026-08-20","","","",""
"","13699","should edit Validity Information","BTP - (RNC)-Asset Risk and Criticality Analysis Application - Regression Test","2026-08-19","passed","2026-08-19","","","",""
"","40444","should add and verify all the adapt filters","BTP - Documents Application - Functional test","2026-08-19","passed","2026-08-19","","","",""
"","75182","should verify and edit structure tab","BTP - Functional Location - Functional Test","2026-08-19","broken","2026-08-19","","","",""
"","8639","should click on asset risk and criticality analysis application","BTP - (RNC)-Asset Risk and Criticality Analysis Application - Functional Test","2026-08-19","passed","2026-08-19","","","",""
"","66902","should create new Inspection Template and verify it appears in the list","BTP Inspection Templates Application - Functional test","2026-08-19","broken","2026-08-19","","","",""
"","79141","should click ""New API Configuration"", select the first API and confirm","BTP - (Integrity Configuration) - CML Templates App - Functional Test","2026-08-20","broken","2026-08-20","","","",""
"","31361","should able to delete newly created ASD","BTP - Asset Strategy Development (ASD) - Functional Test","2026-08-19","broken","2026-08-19","","","",""
"","48561","should delete the created Equipment and verify","BTP - Equipment Application - Functional test","2026-08-19","broken","2026-08-19","","","",""
"","4409","should store the Assignments data","008_Assess criticality of equipment selected ASINT AIS","2026-08-20","passed","2026-08-20","","","",""
"","34107","should click the ""+"" Add button on the newly created Operating Context and select ""Assign Maintainable Items""","BTP - (Fleet) - Asset Strategy Analysis for Classes App - Flow 3 (Create & Delete without Baseline)","2026-08-19","broken","2026-08-19","","","",""
"","79184","should select the created matrix and open settings/delete menu","BTP Configuration (Matrices) - Functional Test","2026-08-19","broken","2026-08-19","","","",""
"","14283","should edit Validity Information","008_Assess criticality of equipment selected ASINT AIS","2026-08-20","passed","2026-08-20","","","",""
"","26366","should open Adapt Filters and add the Technical Object filter","BTP - Asset RCM Analysis - Report Verification","2026-08-19","passed","2026-08-19","","","",""
"","8380","should navigate to Asset RCM list view","031-1_Create RCM Assessment in ASINT AIS (Baseline Assessment) and 039_Assign Mitigated SHE and Financial Risk with associated mitigating strategy","2026-08-20","passed","2026-08-20","","","",""
"","21374","should edit Scope information and verify","008_Assess criticality of equipment selected ASINT AIS","2026-08-20","passed","2026-08-20","","","",""
"","34092","should expand the newly created Operating Context row in the Assessment Hierarchy","BTP - (Fleet) - Asset Strategy Analysis for Classes App - Flow 2 (Create & Delete)","2026-08-19","broken","2026-08-19","","","",""
"","17079","should navigate to asset strategy development list view","BTP - Asset Strategy Development (ASD) - Functional Test","2026-08-19","passed","2026-08-19","","","",""
"","19796","should navigate to functional location list view","BTP - Functional Location - Regression Test","2026-08-19","passed","2026-08-19","","","",""
"","0","should edit general information of the recommendation workbench","","2026-08-20","skipped","2026-08-20","","","",""
"","15133","should goto define section and create new defination with assigned template and verify","BTP Inspection Templates Application - Functional test","2026-08-19","broken","2026-08-19","","","",""
"","11692","should click Add button to open creation form","BTP RCA Application Functional test","2026-08-20","passed","2026-08-20","","","",""
"","18599","should navigate to Asset RCM Analysis list view","BTP - Asset RCM Analysis - Report Verification","2026-08-19","passed","2026-08-19","","","",""
"","1","should capture the MSP id","BTP - Maintenance Spend Planning item (MSP) - Functional Test","2026-08-20","skipped","2026-08-20","","","",""
"","77907","should verify and edit information tab","BTP - RCM Analysis Application - Create Assessment via Create System","2026-08-19","passed","2026-08-19","","","",""
"","12377","should verify attachment section","037_Perform consequence evaluation & 038_Assign Unmitigated SHE and Financial Risk","2026-08-20","broken","2026-08-20","","","",""
"","34096","should click ""Assign"" on the Failure Effect section, tick ""Slow Down"" and confirm","BTP - (Fleet) - Asset Strategy Analysis for Classes App - Flow 3 (Create & Delete without Baseline)","2026-08-19","broken","2026-08-19","","","",""
"","126937","should be able to create Maintenance Spend Planning items","BTP - Maintenance Spend Planning event (MSPE) - Functional Test","2026-08-20","broken","2026-08-20","","","",""
"","1","should add attachments to the recommendation workbench","BTP - Recommendation Workbench (Equipment) - Functional Test","2026-08-20","skipped","2026-08-20","","","",""
"","122602","should navigate into the Picklist section","BTP - Configuration (Picklist Publish) - Functional Test","2026-08-19","broken","2026-08-19","","","",""
"","34097","should click the ""+"" Add button on the assigned maintainable item row","BTP - (Fleet) - Asset Strategy Analysis for Classes App - Flow 2 (Create & Delete)","2026-08-19","broken","2026-08-19","","","",""
"","19419","should navigate back to Asset RCM list view","044_Submit Assessment for Approval","2026-08-20","passed","2026-08-20","","","",""
"","34153","should assign Technical Object and Assessment Template for AlphaNumeric Risk type","BTP - (RNC)-Asset Risk and Criticality Analysis Application - Regression Test","2026-08-19","broken","2026-08-19","","","",""
"","22","should verify the newly added fields are present in the re-exported Excel","BTP - Asset RCM Analysis - Report Verification","2026-08-19","passed","2026-08-19","","","",""
"","5246","should verify Administrative Information tab","BTP - (RCT) -Asset Risk and Criticality Template App - Functional test","2026-08-19","broken","2026-08-19","","","",""
"","19875","should edit General Information tab of created assessment","008_Assess criticality of equipment selected ASINT AIS","2026-08-20","passed","2026-08-20","","","",""
"","79187","should click ""Add"" on the picklist section and create an Add Picklist mapping (AUTODATASTORE / factor / 12345)","BTP - (Integrity Configuration) - CML Templates App - Functional Test","2026-08-20","broken","2026-08-20","","","",""
"","85214","should assign & unassign Recommendation and verify on recommendation details","BTP Notifications Application","2026-08-20","broken","2026-08-20","","","",""
"","4650","should create bulk workflow for the selected assessments","044_Submit Assessment for Approval","2026-08-20","failed","2026-08-20","","","",""
"","12814","should be able to edit header information","BTP - Asset Strategy Development (ASD)- Multiple Functional Locations - Functional Test","2026-08-19","failed","2026-08-19","","","",""
"","20","should not be able to publish the RCM assessment as RCM Baseline assessments cannot be published via any route (Direct Publish or Approval workflow)","031-1_Create RCM Assessment in ASINT AIS (Baseline Assessment) and 039_Assign Mitigated SHE and Financial Risk with associated mitigating strategy","2026-08-20","passed","2026-08-20","","","",""
"","0","should change the status of the recommendation workbench","","2026-08-20","skipped","2026-08-20","","","",""
"","34213","should be able to verify CMLs section","BTP - Asset Strategy Development (ASD) - Functional Test","2026-08-19","broken","2026-08-19","","","",""
"","18544","should navigate to asset strategy development list view","BTP - Asset Strategy Development (ASD)- Multiple Functional Locations - Functional Test","2026-08-19","passed","2026-08-19","","","",""
"","20530","should click Export and wait for the Excel file to download","BTP - CMLs - Report Verification","2026-08-20","broken","2026-08-20","","","",""
"","157032","should open Risk and Criticality Assessments, clone an assessment, verify and delete","BTP - Asset Cloning Suite Application - Functional Test","2026-08-20","broken","2026-08-20","","","",""
"","35028","should verify change history of the recommendation workbench","BTP - Recommendation Workbench (Functional Location) - Functional Test","2026-08-20","passed","2026-08-20","","","",""
"","8431","should navigate to Asset RCM list view","BTP - RCM Analysis Application - Create Baseline via technical object","2026-08-19","passed","2026-08-19","","","",""
"","31311","should able to delete newly created ASD","BTP - Asset Strategy Development (ASD)- Multiple Functional Locations - Functional Test","2026-08-19","broken","2026-08-19","","","",""
"","5107","should navigate to Inspection Templates application and verify the page","BTP Inspection Templates Application - Functional test","2026-08-19","passed","2026-08-19","","","",""
"","79142","should add a Visualization Mapping (AutoDataStore / Optional)","BTP - (Integrity Configuration) - CML Templates App - Functional Test","2026-08-20","broken","2026-08-20","","","",""
"","0","should open first document in list and verify details page","","2026-08-19","skipped","2026-08-19","","","",""
"","29791","Create new Asset RCM Assessment without technical objects and functional location technical objects","044_Submit Assessment for Approval","2026-08-20","passed","2026-08-20","","","",""
"","35718","Create new Asset RCM Assessment using baseline","031-1_Create RCM Assessment in ASINT AIS (Baseline Assessment) and 039_Assign Mitigated SHE and Financial Risk with associated mitigating strategy","2026-08-20","passed","2026-08-20","","","",""
"","18277","should add Failure Modes via the Maintainable Item row on Functional Failure detail page","BTP - RCM Analysis Application - Create Baseline Assessment via Create System","2026-08-19","passed","2026-08-19","","","",""
"","0","should create or add new document on listview page","","2026-08-19","skipped","2026-08-19","","","",""
"","79128","should delete the created column","BTP Configuration (Picklist Creation) - Functional Test","2026-08-19","broken","2026-08-19","","","",""
"","79130","should create a new revision of the matrix","BTP Configuration (Matrices) - Functional Test","2026-08-19","broken","2026-08-19","","","",""
"","35374","should delete the edited assessment and verify it is removed","BTP - (Fleet) - Asset Strategy Analysis for Classes App - Flow 1 (Create, Edit, Operating Context & Summary Report Download) - Functional Test","2026-08-19","passed","2026-08-19","","","",""
"","85250","should assign & unassign Assign Assessment and verify on asset strategy details page","BTP Notifications Application","2026-08-20","broken","2026-08-20","","","",""
"","19361","should create a new RNCA assessment from list view","BTP - (RNC)-Asset Risk and Criticality Analysis Application - Regression Test","2026-08-19","passed","2026-08-19","","","",""
"","75095","should add failure modes for added maintainable items of technical objects","037_Perform consequence evaluation & 038_Assign Unmitigated SHE and Financial Risk","2026-08-20","broken","2026-08-20","","","",""
"","4381","should store the Assignments data","008_Assess criticality of equipment selected ASINT AIS","2026-08-20","passed","2026-08-20","","","",""
"","11652","should click Add button to open creation form","BTP RCA Application Functional test","2026-08-20","passed","2026-08-20","","","",""
"","695739","should create assessment by choosing technical object and creating a new System","BTP - RCM Analysis Application - Create Baseline via technical object","2026-08-19","broken","2026-08-19","","","",""
"","4196","should store the risk and criticality score values","008_Assess criticality of equipment selected ASINT AIS","2026-08-20","broken","2026-08-20","","","",""
"","8343","should navigate to Asset RCM list view","044_Submit Assessment for Approval","2026-08-20","passed","2026-08-20","","","",""
"","29664","should assign Assessment Template to the technical object","BTP - (RNC)-Asset Risk and Criticality Analysis Application - Functional Test","2026-08-19","passed","2026-08-19","","","",""
"","0","should delete the recommendation workbench","BTP - Recommendation Workbench (Equipment) - Functional Test","2026-08-20","skipped","2026-08-20","","","",""
"","31204","should verify asset strategy details (RBI) (set 1)","BTP - Functional Location - Regression Test","2026-08-19","passed","2026-08-19","","","",""
"","60114","should verify asset inspection details","BTP - Equipment - Regression Test","2026-08-19","broken","2026-08-19","","","",""
"","38730","should open the ""Create New CML Template"" dialog, fill all fields and submit","BTP - (Integrity Configuration) - CML Templates App - Functional Test","2026-08-20","broken","2026-08-20","","","",""
"","0","should create MSP item #6 via Rejected recommendation (status: 'Not Funded')","BTP - Maintenance Spend Planning - Bulk Update Regression","2026-08-20","skipped","2026-08-20","","","",""
"","9050","should click on asset risk and criticality analysis application","008_Assess criticality of equipment selected ASINT AIS","2026-08-20","passed","2026-08-20","","","",""
"","45412","should select SHE and FIN impact values on first block and save","008_Assess criticality of equipment selected ASINT AIS","2026-08-20","failed","2026-08-20","","","",""
"","9026","should click on asset risk and criticality analysis application","BTP - (RNC)-Asset Risk and Criticality Analysis Application - Regression Test","2026-08-19","passed","2026-08-19","","","",""
"","0","should verify Administrative Information tab","","2026-08-20","skipped","2026-08-20","","","",""
"","74615","should verify assignment block of the recommendation workbench","BTP - Recommendation Workbench (Functional Location) - Functional Test","2026-08-20","broken","2026-08-20","","","",""
"","79258","should verify updated criticality value for the equipment in the assessment can be viewed in SAP ERP","008_Assess criticality of equipment selected ASINT AIS","2026-08-20","broken","2026-08-20","","","",""
"","21117","should open the first notification from the list","BTP Notifications Application","2026-08-20","passed","2026-08-20","","","",""
"","50134","should remove Assessment Template from the technical object","BTP - (RNC)-Asset Risk and Criticality Analysis Application - Regression Test","2026-08-19","broken","2026-08-19","","","",""
"","60286","should delete the assessment and verify it is removed","BTP - (Fleet) - Asset Strategy Analysis for Classes App - Flow 3 (Create & Delete without Baseline)","2026-08-19","passed","2026-08-19","","","",""
"","149077","should create new recommendation workbench from list page","BTP - Recommendation Workbench (Equipment) - Functional Test","2026-08-20","failed","2026-08-20","","","",""
"","12273","should be able to capture information from general section","BTP - Asset Strategy Development (ASD) - Functional Test","2026-08-19","passed","2026-08-19","","","",""
"","133954","should open Asset Strategy Analysis for Classes, search ""Automation_Test (DND)"", clone it, verify and delete","BTP - Asset Cloning Suite Application - Functional Test","2026-08-20","passed","2026-08-20","","","",""
"","148663","should open Asset Cloning Templates, open the Create New Tasks dialog and clone a new task","BTP - Asset Cloning Suite Application - Functional Test","2026-08-20","broken","2026-08-20","","","",""
"","21138","should delete the created inspection template and verify it is removed from the list","BTP Inspection Templates Application - Functional test","2026-08-19","broken","2026-08-19","","","",""
"","15130","should goto assignment section and assign the template which was not started with ""SA"" and verify the assignment","BTP Inspection Templates Application - Functional test","2026-08-19","broken","2026-08-19","","","",""
"","79387","should navigate to newly created functional location","BTP - Functional Location - Functional Test","2026-08-19","broken","2026-08-19","","","",""
"","2728","should expand equipment row and verify the Maintainable Item is nested under it","031-1_Create RCM Assessment in ASINT AIS (Baseline Assessment) and 039_Assign Mitigated SHE and Financial Risk with associated mitigating strategy","2026-08-20","passed","2026-08-20","","","",""
"","80258","should verify RCA change history for header information edits","BTP RCA Application Functional test","2026-08-20","broken","2026-08-20","","","",""
"","1","should click Create and choose 'To MSP Item'","BTP - Maintenance Spend Planning - Regression Test","2026-08-20","skipped","2026-08-20","","","",""
"","12423","should verify and edit header details of the recommendation workbench","052 -> Select recommendation and flag for turnaround work scope","2026-08-20","failed","2026-08-20","","","",""
"","20347","should navigate to functional location list view","BTP - Recommendation Workbench (Functional Location) - Functional Test","2026-08-20","passed","2026-08-20","","","",""
"","12862","should verify assigned Function is visible under Sub-System and open its detail page","BTP - RCM Analysis Application - Create Baseline Assessment via Create System","2026-08-19","passed","2026-08-19","","","",""
"","79159","should configure X-axis entirely","BTP Configuration (Matrices) - Functional Test","2026-08-19","broken","2026-08-19","","","",""
"","0","should create, apply, reset and delete advanced filter","","2026-08-19","skipped","2026-08-19","","","",""
"","15837","should verify equipment details page","BTP - Equipment Application - Functional test","2026-08-19","broken","2026-08-19","","","",""
"","0","should create workflow for the recommendation workbench","","2026-08-20","skipped","2026-08-20","","","",""
"","60095","should enable impact for calculation","BTP - (RNC)-Asset Risk and Criticality Analysis Application - Regression Test","2026-08-19","broken","2026-08-19","","","",""
"","0","should verify Administrative Information tab","","2026-08-20","skipped","2026-08-20","","","",""
"","19793","should edit General Information tab of created assessment","008_Assess criticality of equipment selected ASINT AIS","2026-08-20","passed","2026-08-20","","","",""
"","25","should not be able to publish the RCM assessment as RCM Baseline assessments cannot be published via any route (Direct Publish or Approval workflow)","BTP - RCM Analysis Application - Create Baseline Assessment via Create System","2026-08-19","passed","2026-08-19","","","",""
"","18456","should click on equipment application and verify the title","BTP - Equipment Application - Functional test","2026-08-19","passed","2026-08-19","","","",""
"","63331","should verify and edit document details page","BTP - Documents Application - Functional test","2026-08-20","broken","2026-08-20","","","",""
"","32790","should assign equipment to the assessment and verify","BTP - (RNC)-Asset Risk and Criticality Analysis Application - Functional Test","2026-08-19","passed","2026-08-19","","","",""
"","14970","should click Export to Excel again and wait for the updated report to download","BTP - Asset RCM Analysis - Report Verification","2026-08-19","passed","2026-08-19","","","",""
"","60156","should verify and edit header information","BTP - Functional Location - Functional Test","2026-08-19","broken","2026-08-19","","","",""
"","13909","should verify planning block of the recommendation workbench","BTP - Recommendation Workbench (Functional Location) - Functional Test","2026-08-20","passed","2026-08-20","","","",""
"","64126","should add characteristics, set their values, create the OCC and use Baseline","BTP - (Fleet) - Asset Strategy Analysis for Classes App - Flow 1 (Create, Edit, Operating Context & Summary Report Download) - Functional Test","2026-08-19","broken","2026-08-19","","","",""
"","12414","should goto Attachments Tab and Assign Attachment to Equipment","BTP - Equipment Application - Functional test","2026-08-19","broken","2026-08-19","","","",""
"","79142","should add a third Data Store (Date, CodeList row 3)","BTP - (Integrity Configuration) - CML Templates App - Functional Test","2026-08-20","broken","2026-08-20","","","",""
"","79140","should add risk color","BTP Configuration (Matrices) - Functional Test","2026-08-19","broken","2026-08-19","","","",""
"","212","should be able to download and verify summary report","BTP - RCM Analysis Application - Functional Test","2026-08-19","failed","2026-08-19","","","",""
"","20950","should edit Scope information and verify","008_Assess criticality of equipment selected ASINT AIS","2026-08-20","passed","2026-08-20","","","",""
"","75147","should verify and edit general information tab","BTP - Functional Location - Functional Test","2026-08-19","broken","2026-08-19","","","",""
"","34114","should click the ""+"" Add button on the newly created Operating Context and select ""Assign Maintainable Items""","BTP - (Fleet) - Asset Strategy Analysis for Classes App - Flow 2 (Create & Delete)","2026-08-19","broken","2026-08-19","","","",""
"","19366","should create a new RNCA assessment from list view","BTP - (RNC)-Asset Risk and Criticality Analysis Application - Regression Test","2026-08-19","passed","2026-08-19","","","",""
"","0","should verify the created document appears in the listview page","","2026-08-19","skipped","2026-08-19","","","",""
"","39970","should navigate to CMLs and open same equipment in CML list view","BTP - CMLs (Equipment) - Functional Test","2026-08-20","passed","2026-08-20","","","",""
"","1","should verify planning block of the recommendation workbench","BTP - Recommendation Workbench (Equipment) - Functional Test","2026-08-20","skipped","2026-08-20","","","",""
"","21232","should edit Scope information and verify","BTP - (RNC)-Asset Risk and Criticality Analysis Application - Functional Test","2026-08-19","passed","2026-08-19","","","",""
"","95537","should fill and submit Create Assessment form","BTP RCA Application Functional test","2026-08-20","broken","2026-08-20","","","",""
"","0","should verify historic data section","BTP - Maintenance Spend Planning item (MSP) - Functional Test","2026-08-20","skipped","2026-08-20","","","",""
"","8386","should be able to capture asset strategy development details for single equipment","BTP - Asset Strategy Development (ASD) - Functional Test","2026-08-19","passed","2026-08-19","","","",""
"","75104","should edit and verify details in pressure Tmin section in CML detailed section","BTP - CMLs (Equipment) - Functional Test","2026-08-20","broken","2026-08-20","","","",""
"","34112","should click ""Assign"" on the Causes section, tick ""Misaligned"" and ""EROSION"" and confirm","BTP - (Fleet) - Asset Strategy Analysis for Classes App - Flow 3 (Create & Delete without Baseline)","2026-08-19","broken","2026-08-19","","","",""
"","30762","Create new Asset RCM Assessment","BTP - RCM Analysis Application - Create Baseline via technical object","2026-08-19","passed","2026-08-19","","","",""
"","64145","should open the Assessment section and click Create Operating Context and Condition","BTP - (Fleet) - Asset Strategy Analysis for Classes App - Flow 2 (Create & Delete)","2026-08-19","broken","2026-08-19","","","",""
"","22079","should select Maintenance Orders assessment","BTP Maintenance Orders Application Functional test","2026-08-20","broken","2026-08-20","","","",""
"","12414","should verify attachment section","BTP - RCM Analysis Application - Create Assessment via Create System","2026-08-19","broken","2026-08-19","","","",""
"","647688","should verify assessment tab and add technical objects","044_Submit Assessment for Approval","2026-08-20","broken","2026-08-20","","","",""
"","17138","should goto define sub section and create new sub section with the main section and assign classes to sub section and verify","BTP Inspection Templates Application - Functional test","2026-08-19","broken","2026-08-19","","","",""
"","81495","should download and verify PDF document of equipment","BTP - Equipment Application - Functional test","2026-08-19","broken","2026-08-19","","","",""
"","0","should create, apply, reset and delete advanced filter","","2026-08-19","skipped","2026-08-19","","","",""
"","18456","should navigate to Root Cause Analysis list view","BTP RCA Application Functional test","2026-08-20","passed","2026-08-20","","","",""
"","75103","should verify details in MAWP section in CML detailed section","BTP - CMLs (Equipment) - Functional Test","2026-08-20","broken","2026-08-20","","","",""
"","78","should extract the entry count and per-column values from the exported Excel","BTP - CMLs - Report Verification","2026-08-20","broken","2026-08-20","","","",""
"","75349","should verify details in history section in CML detailed section","BTP - CMLs (Functional Location) - Functional Test","2026-08-20","broken","2026-08-20","","","",""
"","110670","should create MSP item #1 and change status to 'Reviewing'","BTP - Maintenance Spend Planning - Bulk Update Regression","2026-08-20","failed","2026-08-20","","","",""
"","8761","should verify notification responsibilities details","BTP Notifications Application","2026-08-20","passed","2026-08-20","","","",""
"","83306","should verify Asset Intelligence section in equipment details page","BTP - Equipment Application - Functional test","2026-08-19","broken","2026-08-19","","","",""
"","23712","should create a new RNCA assessment from list view","008_Assess criticality of equipment selected ASINT AIS","2026-08-20","passed","2026-08-20","","","",""
"","30691","Create new Asset RCM Assessment","037_Perform consequence evaluation & 038_Assign Unmitigated SHE and Financial Risk","2026-08-20","passed","2026-08-20","","","",""
"","7218","should recapture assessment rows including the newly added columns","BTP - Asset RCM Analysis - Report Verification","2026-08-19","passed","2026-08-19","","","",""
"","34106","should expand the Causes section, tick ""EROSION"", click Remove and confirm","BTP - (Fleet) - Asset Strategy Analysis for Classes App - Flow 3 (Create & Delete without Baseline)","2026-08-19","broken","2026-08-19","","","",""
"","95732","should calculate risk Details on Assessment section and verify risk details","BTP - (RNC)-Asset Risk and Criticality Analysis Application - Functional Test","2026-08-19","broken","2026-08-19","","","",""
"","37630","should assign Assessment Template to the technical object","008_Assess criticality of equipment selected ASINT AIS","2026-08-20","passed","2026-08-20","","","",""
"","24781","should click the ""CML Templates"" tile on the home page","BTP - (Integrity Configuration) - CML Templates App - Functional Test","2026-08-19","passed","2026-08-20","","","",""
"","58356","should navigate to Why-Why Analysis tab","BTP RCA Application Functional test","2026-08-20","broken","2026-08-20","","","",""
"","30080","should count the CMLs present on the equipment detail view and store globally","BTP - CMLs - Report Verification","2026-08-20","broken","2026-08-20","","","",""
"","79249","should verify updated criticality value for the equipment in the assessment can be viewed in SAP ERP","008_Assess criticality of equipment selected ASINT AIS","2026-08-20","broken","2026-08-20","","","",""
"","34111","should click the edit button on TestOCC1 and rename the Operating Context","BTP - (Fleet) - Asset Strategy Analysis for Classes App - Flow 2 (Create & Delete)","2026-08-19","broken","2026-08-19","","","",""
"","23390","should add Functional Failure for the assigned Function under Sub-System","BTP - RCM Analysis Application - Create Baseline Assessment via Create System","2026-08-19","passed","2026-08-19","","","",""
"","15130","should goto checklist mapping and assign sections to checklist and verify","BTP Inspection Templates Application - Functional test","2026-08-19","broken","2026-08-19","","","",""
"","79148","should add a Section via the ""Add Section"" button","BTP - (Integrity Configuration) - CML Templates App - Functional Test","2026-08-20","broken","2026-08-20","","","",""
"","195","should read and print the Asset Overview count","BTP - CMLs - Report Verification","2026-08-20","passed","2026-08-20","","","",""
"","18333","should navigate to Maintenance Spend Planning list view","BTP - Maintenance Spend Planning event (MSPE) - Functional Test","2026-08-20","passed","2026-08-20","","","",""
"","84806","should edit the Planning Data and Organizational Data sections and save","BTP - (Fleet) - Asset Strategy Analysis for Classes App - Flow 1 (Create, Edit, Operating Context & Summary Report Download) - Functional Test","2026-08-19","broken","2026-08-19","","","",""
"","0","should verify and edit header details","BTP - Maintenance Spend Planning item (MSP) - Functional Test","2026-08-20","skipped","2026-08-20","","","",""
"","12372","should verify attachment section","BTP - RCM Analysis Application - Create Baseline Assessment via Create System","2026-08-19","broken","2026-08-19","","","",""
"","81725","should download and verify PDF document of functional location","BTP - Functional Location - Functional Test","2026-08-19","broken","2026-08-19","","","",""
"","30086","should navigate to asset intelligence tab","BTP - Equipment - Regression Test","2026-08-19","broken","2026-08-19","","","",""
"","9031","should capture the Recommendation Workbench id","BTP - Recommendation Workbench (Functional Location) - Functional Test","2026-08-20","passed","2026-08-20","","","",""
"","18489","should add and verify all the adapt filters","BTP - RCM Application - Functional Test","2026-08-19","passed","2026-08-19","","","",""
"","79223","should calculate risk Details on Assessment section and verify risk details","BTP - (RNC)-Asset Risk and Criticality Analysis Application - Regression Test","2026-08-19","broken","2026-08-19","","","",""
"","75097","should add functions for functional location technical objects","037_Perform consequence evaluation & 038_Assign Unmitigated SHE and Financial Risk","2026-08-20","broken","2026-08-20","","","",""
"","10072","should edit general information of the recommendation workbench","052 -> Select recommendation and flag for turnaround work scope","2026-08-20","broken","2026-08-20","","","",""
"","24141","should assign all risk colors to their specific matrix cells","BTP Configuration (Matrices) - Functional Test","2026-08-19","broken","2026-08-19","","","",""
"","795301","should add and verify all the adapt filters","BTP - Functional Location Application - Adapt Filter Functional test","2026-08-19","failed","2026-08-19","","","",""
"","64100","should open the Assessment section and click Create Operating Context and Condition","BTP - (Fleet) - Asset Strategy Analysis for Classes App - Flow 3 (Create & Delete without Baseline)","2026-08-19","broken","2026-08-19","","","",""
"","75415","should verify details in Structural Tmin section in CML detailed section","BTP - CMLs (Functional Location) - Functional Test","2026-08-20","broken","2026-08-20","","","",""
"","11665","should capture the MSPE id","BTP - Maintenance Spend Planning event (MSPE) - Functional Test","2026-08-20","passed","2026-08-20","","","",""
"","13681","should navigate to Home page","BTP - CMLs (Equipment) - Functional Test","2026-08-20","passed","2026-08-20","","","",""
"","37881","should assign Assessment Template to the technical object","008_Assess criticality of equipment selected ASINT AIS","2026-08-20","passed","2026-08-20","","","",""
"","654034","should verify assessment tab and add technical objects","BTP - RCM Analysis Application - Functional Test","2026-08-19","broken","2026-08-19","","","",""
"","15134","should goto component mapping and assign component inspection template to component and verify","BTP Inspection Templates Application - Functional test","2026-08-19","broken","2026-08-19","","","",""
"","60356","should delete the assessment and verify it is removed","BTP - (Fleet) - Asset Strategy Analysis for Classes App - Flow 2 (Create & Delete)","2026-08-19","passed","2026-08-19","","","",""
"","12968","should be able to edit header information","BTP - Asset Strategy Development (ASD) - Functional Test","2026-08-19","failed","2026-08-19","","","",""
"","122470","should navigate into the Picklist section","BTP Configuration (Picklist Creation) - Functional Test","2026-08-19","broken","2026-08-19","","","",""
"","79129","should add a risk line with specified coordinates and axes","BTP Configuration (Matrices) - Functional Test","2026-08-19","broken","2026-08-19","","","",""
"","28051","should open Functional Failure detail page, verify header, and assign Equipment to it","BTP - RCM Analysis Application - Create Baseline Assessment via Create System","2026-08-19","passed","2026-08-19","","","",""
"","91721","should edit and verify details in backgroud section in CML detailed section","BTP - CMLs (Functional Location) - Functional Test","2026-08-20","passed","2026-08-20","","","",""
"","79205","should be able to verify maintenance and service section","BTP - Asset Strategy Development (ASD) - Functional Test","2026-08-19","broken","2026-08-19","","","",""
"","79142","should open Save_API section, click Edit API Configuration and select the API in the popup","BTP - (Integrity Configuration) - CML Templates App - Functional Test","2026-08-20","broken","2026-08-20","","","",""
"","14850","should open Settings and add all available list view fields","BTP - Asset RCM Analysis - Report Verification","2026-08-19","passed","2026-08-19","","","",""
"","75127","should add functions for functional location technical objects","BTP - RCM Analysis Application - Functional Test","2026-08-19","broken","2026-08-19","","","",""
"","88263","should be able to verify and edit general information section","BTP - Asset Strategy Development (ASD)- Multiple Functional Locations - Functional Test","2026-08-19","broken","2026-08-19","","","",""
"","75185","should verify asset Intelligence","BTP - Functional Location - Functional Test","2026-08-19","broken","2026-08-19","","","",""
"","19901","should edit General Information tab of created assessment","BTP - (RNC)-Asset Risk and Criticality Analysis Application - Regression Test","2026-08-19","passed","2026-08-19","","","",""
"","1","should verify and edit header details of the recommendation workbench","BTP - Recommendation Workbench (Equipment) - Functional Test","2026-08-20","skipped","2026-08-20","","","",""
"","0","should change status to 'For Review' from the detail page","BTP - Maintenance Spend Planning - Regression Test","2026-08-20","skipped","2026-08-20","","","",""
"","76539","should edit and verify details in backgroud section in CML detailed section","BTP - CMLs (Equipment) - Functional Test","2026-08-20","broken","2026-08-20","","","",""
"","24437","should navigate to CMLs list view","BTP - CMLs (Functional Location) - Functional Test","2026-08-20","passed","2026-08-20","","","",""
"","1","should create MSP item #2 and change status to 'Funded'","BTP - Maintenance Spend Planning - Bulk Update Regression","2026-08-20","skipped","2026-08-20","","","",""
"","217","should delete the newly created RCM assessment","BTP - RCM Analysis Application - Create Assessment via Create System","2026-08-19","failed","2026-08-19","","","",""
"","20517","should delete the created template","BTP - (RCT) -Asset Risk and Criticality Template App - Functional test","2026-08-19","passed","2026-08-19","","","",""
"","13712","should navigate to Home page","BTP - CMLs (Functional Location) - Functional Test","2026-08-20","passed","2026-08-20","","","",""
"","24286","should search equipment in the CML list view (without opening detail)","BTP - CMLs - Report Verification","2026-08-20","passed","2026-08-20","","","",""
"","37759","should verify risk and criticality details (set 1)","BTP - Functional Location - Regression Test","2026-08-19","broken","2026-08-19","","","",""
"","24088","should click on the first maintenance order in the list","BTP Maintenance Orders Application Functional test","2026-08-20","broken","2026-08-20","","","",""
"","19501","should edit general information","BTP - (RCT) -Asset Risk and Criticality Template App - Functional test","2026-08-19","passed","2026-08-19","","","",""
"","80360","should verify RCA change history for header information edits","BTP RCA Application Functional test","2026-08-20","broken","2026-08-20","","","",""
"","144","should add Failure Modes via the Maintainable Item row on Functional Failure detail page","BTP - RCM Analysis Application - Create Assessment via Create System","2026-08-19","failed","2026-08-19","","","",""
"","99964","should delete the created Picklist","BTP - Configuration (Picklist Publish) - Functional Test","2026-08-19","broken","2026-08-19","","","",""
"","40021","should navigate to CMLs and open same functional location in CML list view","BTP - CMLs (Functional Location) - Functional Test","2026-08-20","passed","2026-08-20","","","",""
"","25631","should delete the created assessment and verify","BTP - (RNC)-Asset Risk and Criticality Analysis Application - Functional Test","2026-08-19","passed","2026-08-19","","","",""
"","79215","should be able to verify maintenance and service section","BTP - Asset Strategy Development (ASD)- Multiple Functional Locations - Functional Test","2026-08-19","broken","2026-08-19","","","",""
"","75146","should verify change history","BTP - Functional Location - Functional Test","2026-08-19","broken","2026-08-19","","","",""
"","8943","should verify show hierarchy option in list View","BTP - Functional Location - Functional Test","2026-08-19","passed","2026-08-19","","","",""
